{
    "file": "wire\/core\/Fieldgroups.php",
    "textdomain": "wire--core--fieldgroups-php",
    "translations": {
        "abce719a5ff28157e0e92337d8dcf8bd": {
            "text": "No se puede encontrar el campo: %s"
        },
        "fdd1e49a5de74a22586acf7420fcbd8d": {
            "text": "Peligro! Todos los datos en estmos campos ser\u00e1n borrados permamentemente (debes confirmarlo) : %s"
        },
        "f1d3c736f589a82f1519c711fd4123c0": {
            "text": "Incapaz de encontrar campo para establecer el contexto de campo: %s"
        }
    }
}