{
    "file": "wire\/modules\/Inputfield\/InputfieldTextarea.module",
    "textdomain": "wire--modules--inputfield--inputfieldtextarea-module",
    "translations": {
        "530f488f7a9800411efc6926ab189708": {
            "text": "Filas"
        },
        "c1fa39608b74e309ed351df551eacafd": {
            "text": "El n\u00famero de filas mostrado inicialmente para este campo."
        },
        "b5d4d25fe3fa9f8263b5f279a372b709": {
            "text": "\u00c1rea de texto"
        },
        "2241a30b27a648ef55d21c01f1cda82e": {
            "text": "Varias l\u00edneas de texto"
        }
    }
}