{
    "file": "wire\/modules\/Inputfield\/InputfieldMarkup.module",
    "textdomain": "wire--modules--inputfield--inputfieldmarkup-module",
    "translations": {
        "2ea61fab9633ba2efc3af0e85f8859f9": {
            "text": "Text Markup"
        },
        "82829c5912f395b029a87c565359835c": {
            "text": "Formateadores texto"
        },
        "7b332ecb7817aa0e0d772e9220b5eae9": {
            "text": "Seleccione el formato que su Text Markup est\u00e1 en, o los formateadores que usted desea que se apliquen a la misma, en el orden que desee aplicar."
        },
        "0a803ca330899c7b7eb07d290ebbb5e8": {
            "text": "Si su Text Markup es HTML plano, es posible que no desea seleccionar ning\u00fan Formateadores texto."
        },
        "e51e08a727173e8719e480316459991e": {
            "text": "Marcado"
        },
        "29513c0a079504b7b1ba10953d7270ac": {
            "text": "Contiene cualquier otro marcado e hijos InputFields"
        }
    }
}