{
    "file": "wire\/modules\/Inputfield\/InputfieldText.module",
    "textdomain": "wire--modules--inputfield--inputfieldtext-module",
    "translations": {
        "3c5d93eab9cf5f9c46905bcf44e863af": {
            "text": "No coincide con el patr\u00f3n requerido"
        },
        "6f6cb72d544962fa333e2e34ce64f719": {
            "text": "Tama\u00f1o"
        },
        "7fcc26bcb0e9d85b555592f97cde9539": {
            "text": "El ancho se muestra de este campo (en caracteres). Se establece en 0 para el ancho completo."
        },
        "2eb8badec738786d01bb81d0ee6ab3c0": {
            "text": "Maxlength"
        },
        "a4965347ff8523a66897b92fec81e04e": {
            "text": "La longitud m\u00e1xima (en caracteres) que est\u00e1n permitidos por este campo."
        },
        "0c576bc57cb2f57f4a2632d59599c26e": {
            "text": "Strip Etiquetas"
        },
        "e79dbc99408f4949cb46ad5b73c7408a": {
            "text": "Cuando se activa, las etiquetas HTML se eliminan de la entrada cuando se procesa el formulario."
        },
        "e69230ccdb60475aa38ea2c4cdc72ea0": {
            "text": "Esto se recomienda si el campo no tiene que soportar HTML en ella."
        },
        "6485c7641245873388f0170f472183c6": {
            "text": "Marcador de posici\u00f3n de texto"
        },
        "dc08a8f73b667ceb56b5a22449e41d3e": {
            "text": "Frase de marcador de posici\u00f3n opcional de texto que aparece en el campo cuando en blanco."
        },
        "57391192dfa1f247ad015a0fe2eca48e": {
            "text": "Patr\u00f3n"
        },
        "6a5e3a3d3be1a3d27b96e1e378c31ad9": {
            "text": "Patr\u00f3n de expresi\u00f3n regular Facultativo requiere en la entrada. Se utiliza tanto en el lado del cliente (atributo patr\u00f3n HTML5) y el lado del servidor para la validaci\u00f3n. Aseg\u00farese de proporcionar un ejemplo del patr\u00f3n requerido en su descripci\u00f3n del campo."
        },
        "27615527f65d7d865a330397568fe263": {
            "text": "Ver html5pattern.com ejemplos de patrones que puede utilizar y crear."
        },
        "68adfe27201a615848e5da595ae9f690": {
            "text": "Valor inicial"
        },
        "c3924ea34ee91e9de3ff80493fce8527": {
            "text": "Valor inicial \/ default Opcional rellenada previamente para el usuario."
        },
        "9dffbf69ffba8bc38bc4e01abf4b1675": {
            "text": "Texto"
        },
        "03272093fac940815539048b032444ea": {
            "text": "Una sola l\u00ednea de texto"
        }
    }
}