{
    "file": "wire\/modules\/Process\/ProcessProfile\/ProcessProfile.module",
    "textdomain": "wire--modules--process--processprofile--processprofile-module",
    "translations": {
        "9fbf3617c6172a75648e9ac0a864bb56": {
            "text": "Tu cuenta:"
        },
        "f9e0ddbbff17d789d7844835e71e789f": {
            "text": "Perfil no guardado"
        },
        "d57a97a659253e107095a0ad40576d9f": {
            "text": "La direcci\u00f3n e-mail \"%s\" ya existe por otro usuario"
        },
        "f29de224c874ad891ea1c3627aa468be": {
            "text": "Perfil guardado"
        },
        "90b1f6651953fcf8b43ddc0da6760aaf": {
            "text": "Perfil del usuario"
        },
        "1a59a80bd045dd8cb5a37b841028cc00": {
            "text": "Permite al usuario cambiar su contrase\u00f1a, direcci\u00f3n de correo electr\u00f3nico y otras configuraciones que defina."
        },
        "85337e04345622f27e1230c61efa9fd0": {
            "text": "\u00bfQu\u00e9 campos puede ver el usuario en su propio perfil?"
        }
    }
}