{
    "file": "wire\/modules\/Inputfield\/InputfieldSelectMultiple.module",
    "textdomain": "wire--modules--inputfield--inputfieldselectmultiple-module",
    "translations": {
        "019fce53dcc7e7f5a3abea240de44d77": {
            "text": "Tama\u00f1o: n\u00famero de filas visible a la vez en el selector m\u00faltiple"
        },
        "eefa4a712878aa9e7c3a4fdb9ab10adf": {
            "text": "Seleccion M\u00faltiple"
        },
        "6faad70d6719b405a08c5121e31e258b": {
            "text": "Seleccionar varios elementos de una lista"
        }
    }
}