{
    "file": "wire\/modules\/Fieldtype\/FieldtypeComments\/CommentForm.php",
    "textdomain": "wire--modules--fieldtype--fieldtypecomments--commentform-php",
    "translations": {
        "6f207f8b5dfe1eebac63467930df5189": {
            "text": "h3"
        },
        "55db28530640e9fb41ebf71ea8afce72": {
            "text": "Enviar comentario"
        },
        "a3676fa92ee7acc9486a220da4580c7e": {
            "text": "Gracias, tu envio se ha guardado"
        },
        "5443970b690d94d32a481cac5cf31cb6": {
            "text": "Su comentario ha sido enviado y aparecer\u00e1 una vez aprobado por el moderador."
        },
        "af54d31f765138998bf8d2903d4095ce": {
            "text": "El env\u00edo no se salv\u00f3 debido a uno o m\u00e1s errores. Por favor, compruebe que ha completado todos los campos antes de enviar de nuevo."
        },
        "614cffa523202658a898e34a5d94d05e": {
            "text": "Nombre"
        },
        "cd5b60538fc5fdd7a7280d67e4a12089": {
            "text": "E-mail"
        },
        "f359c2373cfa104cd9be66f79047deb5": {
            "text": "Sitio"
        },
        "8413c683b4b27cc3f4dbd4c90329d8ba": {
            "text": "Comentarios"
        },
        "a4d3b161ce1309df1c4e25df28694b7b": {
            "text": "Enviar"
        }
    }
}