{
    "file": "wire\/modules\/Process\/ProcessList.module",
    "textdomain": "wire--modules--process--processlist-module",
    "translations": {
        "5b4883d0e89e3d445d1cd1ccad668cf1": {
            "text": "El m\u00f3dulo de proceso asignado a esta p\u00e1gina no parece estar instalado."
        },
        "9040adb9c035d31a6f59c34259371121": {
            "text": "No hay descripci\u00f3n disponible"
        },
        "4ee29ca12c7d126654bd0e5275de6135": {
            "text": "Lista"
        },
        "11edaf952ae49a89083e2f6ed973c774": {
            "text": "Muestra el proceso asignado a cada p\u00e1gina secundaria"
        }
    }
}