{
    "file": "wire\/modules\/Process\/ProcessPageEdit\/ProcessPageEdit.module",
    "textdomain": "wire--modules--process--processpageedit--processpageedit-module",
    "translations": {
        "7ba9fe21b073af37b16f989e23112967": {
            "text": "P\u00e1gina Desconocida"
        },
        "b8e75fd085c6615286cee6fdc4e880ec": {
            "text": "Esta p\u00e1gina est\u00e1 bloqueada para modificaciones"
        },
        "386397f000925f7d90c87a913a678eed": {
            "text": "Usted no tiene acceso para editar"
        },
        "7b9bb8a9e6b0d2b64837e652485e11c9": {
            "text": "Editar p\u00e1gina: %s"
        },
        "30b78fb546fe9686f84a740a5e5524a3": {
            "text": "Cambiado el nombre de la p\u00e1gina URL de \"%s\"  porque el nombre solicitado ya fue tomado."
        },
        "df74a326081d841aef061c999c7979f3": {
            "text": "Cambiar: %s"
        },
        "c0df350b3d4fe22546834d74cdc77023": {
            "text": "P\u00e1gina Publicada: %s"
        },
        "9ce0bc0d85071636f750e39ea86f86c0": {
            "text": "P\u00e1gina guardada: %s"
        },
        "421318b075c43ddcd5426197f778c43c": {
            "text": "No puede ser publicado hasta que se corrijan los errores"
        },
        "a1c508c8dcf832bde214942a479c63e5": {
            "text": "Esta p\u00e1gina est\u00e1 en la Papelera"
        },
        "2cb4bb1ee54691377c8778a8823eb4dd": {
            "text": "Esta p\u00e1gina es actualmente in\u00e9dita"
        },
        "404dd23de1c6c7edc7927e5262b93a1b": {
            "text": "Guardar + No publicar"
        },
        "110a4b01beabd53b661a47d4b44bd7a8": {
            "text": "Publicar"
        },
        "c9cc8cce247e49bae79f15173ce97354": {
            "text": "Guardar"
        },
        "f15c1cae7882448b3fb0404682e17e61": {
            "text": "Contenido"
        },
        "64e4aca4297806247f62a7b5f8cbd3df": {
            "text": "Hijos"
        },
        "9b30437c5e1e966fa90525c93356fd3f": {
            "text": "Hijos \/ Subp\u00e1ginas"
        },
        "b5c4bc5ddd4b490f3e2bf5abc0945f1d": {
            "text": "Actualmente no hay hijos \/ subp\u00e1ginas debajo de esta p\u00e1gina."
        },
        "fcdd8c7fe4647ee6186ea45dd69d425d": {
            "text": "Los hijos ser\u00e1n ordenados por \"%s\", por el ajuste de plantilla."
        },
        "a13cc55582da47cab1f7cc7518700c6e": {
            "text": "A\u00f1adir una nueva p\u00e1gina aqu\u00ed"
        },
        "7e92f49c92e3f91ed88f03063fc34748": {
            "text": "Ajustes de orden"
        },
        "ea1a60a080fc428d2c18d9e6d33ded08": {
            "text": "Si desea que todos los ni\u00f1os presentes y futuras de forma autom\u00e1tica ordenar por un campo espec\u00edfico, seleccione el campo de abajo y, opcionalmente, marque la casilla \u00abinversa\u00bb para que el orden descendente. Deje el campo de ordenaci\u00f3n en blanco si usted quiere ser capaz de arrastrar y soltar a su propio orden."
        },
        "f4f70727dc34561dfde1a3c529b6205c": {
            "text": "Ajustes"
        },
        "278c491bdd8a53618c149c4ac790da34": {
            "text": "Plantilla"
        },
        "30269022e9d8f51beaabb52e5d0de2b7": {
            "text": "Padre"
        },
        "1ad359c38781f8fc924a380559d60c42": {
            "text": "Creado por el Usuario"
        },
        "567d412904b379e49382b6e3b90881ca": {
            "text": "Creado por %1$s el %2$s"
        },
        "1dec6a532601f755520b9567091e1bf8": {
            "text": "\u00daltima modificaci\u00f3n por %1$s el %2$s"
        },
        "cacab211629daeffac10e13574e49d9e": {
            "text": "Oculto: Quedan excluidos de las listas y b\u00fasquedas"
        },
        "ab4b835121255016ef73bea7f4ea45a7": {
            "text": "Bloqueado: No editable"
        },
        "0fdd10ee950975e58b122abb2de3a49b": {
            "text": "Despublicado: No visible en el sitio"
        },
        "ec53a8c4f07baed5d8825072c89799be": {
            "text": "Estado"
        },
        "f2a6c498fb90ee345d997f888fce3b18": {
            "text": "Eliminar"
        },
        "aa47bb0913144619a0a9abc59d59d6ed": {
            "text": "Eliminar Permanentemente"
        },
        "7a289ea949902e8fa53efb4b3b4ccea0": {
            "text": "Mover a la papelera"
        },
        "62a92c8e1a013dc0c9a67f2769642e9f": {
            "text": "Marque la casilla para confirmar que usted quiere hacer esto."
        },
        "70d9be9b139893aa6c69b5e77e614311": {
            "text": "Confirmar"
        },
        "6e2e3de95055596f315a073f771342e3": {
            "text": "Esta p\u00e1gina no puede ser suprimida en este momento"
        },
        "4351cfebe4b61d8aa5efa1d020710005": {
            "text": "Ver"
        },
        "d2387a51d9f67d60dfc2cbb23bd04af2": {
            "text": "\u00bfQui\u00e9n puede acceder a esta p\u00e1gina?"
        },
        "bbbabdbe1b262f75d99d62880b953be1": {
            "text": "Role"
        },
        "36c2b914f293a142343cba0f3157d748": {
            "text": "Lo que pueden hacer"
        },
        "13944cf77acdf1b9e49f6383c101ae89": {
            "text": "(Todo el mundo)"
        },
        "eec429d33814974270e5ab8a04a3d23e": {
            "text": "El acceso se define con la plantilla de esta p\u00e1gina: %s"
        },
        "890e4f4dd63b6c580cbf534f25914565": {
            "text": "El acceso se hereda de la p\u00e1gina \"%1$s\" y definido con la plantilla: %2$s"
        },
        "17f8097b4af11ef352554fc7dd416c34": {
            "text": "Plantilla '%s' no est\u00e1 permitida"
        },
        "c4101b17a6f3bb8ffbe40eb9edef2347": {
            "text": "Esta p\u00e1gina no puede eliminar"
        },
        "827884bd1b673b7e58def7d09bf59b8b": {
            "text": "P\u00e1gina eliminada: %s"
        },
        "a419fb9d9fe259c36eb1e4a99462bd1f": {
            "text": "P\u00e1gina Trasladado a la papelera: %s"
        },
        "6c86eb040dbb20b1c6e1e891774b27ac": {
            "text": "No se puede mover la p\u00e1gina a la papelera"
        },
        "8f1db4fbdd736bfc472e99f61be9e56f": {
            "text": "Cambio de plantilla \"%1$s\" a \"%2$s\""
        },
        "11daf8e4f72e87c440ed3e0cac443157": {
            "text": "Confirme el cambio de plantilla"
        },
        "48af63aeec834982fcf91e325aaea998": {
            "text": "Advertencia, el cambio de la plantilla se borrar\u00e1n los siguientes campos:"
        },
        "729a51874fe901b092899e9e8b31c97a": {
            "text": "Est\u00e1s seguro?"
        },
        "e4c2fcbaac781d00fe1e192a4d94c0e9": {
            "text": "Por favor, confirma que usted entiende lo anterior haciendo clic en la casilla de abajo."
        },
        "6b102e11bd33fb8f4be6a6cecf2c491b": {
            "text": "Usted no tiene permiso para cambiar la plantilla en esta p\u00e1gina."
        },
        "854de5f33bda667c67117b0aaee5a9cf": {
            "text": "Eso plantilla no est\u00e1 permitida"
        },
        "d4ad7f8661990f191def1fb3a6accbd9": {
            "text": "La Plantilla se cambi\u00f3 a '%s'"
        },
        "7ddc881b8c4b63699dd8487273384a38": {
            "text": "Los hijos est\u00e1n ordenados por"
        },
        "6adf97f83acf6453d4a6a4b1070f3754": {
            "text": "Ninguno"
        },
        "591acadb8502cd6db313b718df45a6f4": {
            "text": "Los campos nativos"
        },
        "833956a760d996ae61ea8b385e9fb6f0": {
            "text": "Los campos personalizados"
        },
        "d49042595c2674084c92d561b714d522": {
            "text": "Direcci\u00f3n de ordenaci\u00f3n inversa?"
        },
        "265dabf958cffe4bf96d445dcddf8678": {
            "text": "%d cambio"
        },
        "4e5878c0e4b4e901ee96c19e7fd05914": {
            "text": "%d cambios"
        }
    }
}