{
    "file": "wire\/modules\/Process\/ProcessModule\/ProcessModule.module",
    "textdomain": "wire--modules--process--processmodule--processmodule-module",
    "translations": {
        "801ab24683a4a8c433c6eb40c48bcd9d": {
            "text": "Descargar"
        },
        "418cab01f270b56053a218c414840ec9": {
            "text": "Descargar y actualizar"
        },
        "c83047e52e84102cde2e46c99f5f2fa5": {
            "text": "Descargar e instalar"
        },
        "fadeae979278b23b0c0245fe143813ca": {
            "text": "Agregar m\u00f3dulo De Directorio"
        },
        "91412465ea9169dfd901dd5e7c96dd99": {
            "text": "Subir"
        },
        "a97f194fe643428c6e0e5b1d3ea79dbd": {
            "text": "Agregar m\u00f3dulo Desde \"upload\""
        },
        "5e3f8e6adc33178f32cc7beb6ad19072": {
            "text": "Agregar m\u00f3dulo Desde URL"
        },
        "cc3acbc843dd28f892ae2c9c1211b4cb": {
            "text": "Compruebar nuevos m\u00f3dulos"
        },
        "98dd43dfae05b11befe1f140e0ec787a": {
            "text": "Instalado"
        },
        "b14c50cfbdf80ffa1e494282c306a467": {
            "text": "Instalar M\u00f3dulo"
        },
        "ea90a0c1864c51f82f862a6850c13951": {
            "text": "Archivos del m\u00f3dulo eliminados"
        },
        "a7d6475ec8993b7224d6facc8cb0ead6": {
            "text": "Sitio"
        },
        "9c67d775a708bbc2a042f878e78cfe2c": {
            "text": "\/site\/modules\/ - M\u00f3dulos espec\u00edficos para usar en tu sitio"
        },
        "4d90ec9a7117ef7ad9c02a90860d7122": {
            "text": "Para eliminar un m\u00f3dulo, haga clic en el m\u00f3dulo para editar, marcar la casilla 'desinstalaci\u00f3n', a continuaci\u00f3n, guardar. Una vez desinstalado, archivo (s) del m\u00f3dulo puede ser removido de \/ web \/ modules \/. Si sigue apareciendo en la lista anterior, puede que tenga que hacer clic en el 'cheque por nuevos m\u00f3dulos \"bot\u00f3n para ProcessWire para ver el cambio."
        },
        "83168e6cb289d732cc78427b51f93153": {
            "text": "N\u00facleo"
        },
        "401aeb1b99895a172d78edfa183114e7": {
            "text": "\/wire\/modules\/ - M\u00f3dulos incluidos con el n\u00facleo ProcessWire"
        },
        "03c2e7e41ffc181a4e84080b4710e81e": {
            "text": "Nuevo"
        },
        "cb4e8aca2c4d3f2f34a8019ac88458bd": {
            "text": "M\u00f3dulos reci\u00e9n descubiertos"
        },
        "94e84ea867143991751f06bad2b5da30": {
            "text": "En la \u00faltima hora"
        },
        "a0d5ca48d2aafbe0c044daeedc4ca0e5": {
            "text": "En el \u00faltimo d\u00eda"
        },
        "dc52e914c681bc112d4a36ed38e37299": {
            "text": "En las dos \u00faltimas semanas"
        },
        "12db5f4485378bd2b028b8f67a61533e": {
            "text": "En el pasado mes"
        },
        "21f29ba58fe9059dae498577efb26435": {
            "text": "M\u00f3dulos encontrados recientemente e instalados"
        },
        "0900a3f6adfa931e0130c02c436e7e7f": {
            "text": "Nombre de la \"Clase\" del m\u00f3dulo"
        },
        "8de5f3b8fe691cf6304176b9a5ed54da": {
            "text": "Usted puede navegar por el directorio de m\u00f3dulos y localizar el m\u00f3dulo que desea descargar e instalar. Escriba o pegue en el \"nombre de clase\" para el m\u00f3dulo que desea instalar."
        },
        "3b0798392299a74418470d3f13b5eec2": {
            "text": "El directorio de m\u00f3dulos se encuentra en modules.processwire.com"
        },
        "dc975a9e6b0112228c42a6abbe82ae93": {
            "text": "Estar absolutamente seguro de que conf\u00eda en el origen del archivo ZIP."
        },
        "d5f38db4e3d76c9a7cda57c660ac0dad": {
            "text": "M\u00f3dulo ZIP desde URL"
        },
        "29b21610722fa13430132a8d4e757d1f": {
            "text": "Descargar un archivo ZIP que contiene un m\u00f3dulo. Si descarga un m\u00f3dulo que ya est\u00e1 instalada, la versi\u00f3n instalada se sobrescribe con la versi\u00f3n reci\u00e9n descargado."
        },
        "e7aef889dd1b168dc269e9ddff6a57a5": {
            "text": "M\u00f3dulo del archivo ZIP"
        },
        "6010e3962902142283df28e6d1a1d897": {
            "text": "Subir un archivo ZIP que contiene el archivo (s) del m\u00f3dulo. Si se carga un m\u00f3dulo que ya est\u00e1 instalada, ser\u00e1 sobrescrito con el que usted cargue."
        },
        "5975f55a2bcd254c58d9fe16d7a21417": {
            "text": "Si ha colocado nuevos m\u00f3dulos en \/ web \/ modules \/ usted mismo, haga clic en este bot\u00f3n para encontrarlos."
        },
        "56f298ec43e271496dd37302c5f2d023": {
            "text": "No hay nuevos m\u00f3dulos"
        },
        "230420a05edcb2323c858d6c410d93cf": {
            "text": "No se encontraron m\u00f3dulos."
        },
        "844ced21eac449bca19cf378ae770720": {
            "text": "Nombre inv\u00e1lido de modulo: %s"
        },
        "addec426932e71323700afa1911f8f1c": {
            "text": "m\u00e1s"
        },
        "0d17be96c4c0a8f101dcaa0ce9c5ee7d": {
            "text": "Eliminar %s?"
        },
        "b9c21fa0192c783c8c3d3c48cd251f6c": {
            "text": "Nuevo m\u00f3dulo Encontrado"
        },
        "5d695cc28c6a7ea955162fbdd0ae42b9": {
            "text": "Encontrado"
        },
        "8cd0d0c99b062b3d22e8c7188ba33ab2": {
            "text": "Mostrar todo"
        },
        "8395847485c9a34007295da6a4f9d4cf": {
            "text": "Recuperando datos de error de URL de servicio web"
        },
        "f629d0ec5b19860b76ae88da3ea10273": {
            "text": "Error de decodificaci\u00f3n de JSON"
        },
        "8d68afb831b95c0dc23e1457385a983c": {
            "text": "Reporte de error:"
        },
        "9e5fd09ae1c89e20aa28deee64d7f631": {
            "text": "Lo sentimos m\u00f3dulos de tipo \"%s\" no se pueden instalar desde el administrador."
        },
        "2b0c95ea68acdfcd4e4d995f89bf3b92": {
            "text": "Este m\u00f3dulo no indica la compatibilidad con esta versi\u00f3n de ProcessWire. Todav\u00eda puede trabajar, pero puede que desee consultar con el m\u00f3dulo de autor."
        },
        "5259630c836d951d40cd2771922dfb5e": {
            "text": "La versi\u00f3n instalada est\u00e1 actualizada"
        },
        "356025c686f0f84759d1762a071903ad": {
            "text": "Una actualizaci\u00f3n de este m\u00f3dulo est\u00e1 disponible!"
        },
        "822213aa38da92d8819e5c3b4ebe4c71": {
            "text": "anterior a la que ya ha instalado!"
        },
        "18206c5add24b8898426959c811b779b": {
            "text": "M\u00e1s informaci\u00f3n"
        },
        "eac35422501988079c78c4da694468ff": {
            "text": "P\u00e1gina del proyecto"
        },
        "49ec9b5c06ace9e448b8c7901304c036": {
            "text": "P\u00e1gina de soporte"
        },
        "baa2c21bbd137636014e8f357698761e": {
            "text": "Aseg\u00farese de que conf\u00eda en el origen del archivo ZIP anterior antes de continuar!"
        },
        "2d30ce478ce5e77c288d80f804617331": {
            "text": "Este m\u00f3dulo no tiene URL de descarga especificada y debe ser instalado manualmente."
        },
        "ea4788705e6873b424c65e91c2846b19": {
            "text": "Cancelar"
        },
        "013ba726c842150ec33822c5a6fc6196": {
            "text": "Descarga cancelada"
        },
        "321a272463ceb9661e0951f1e3b639d5": {
            "text": "Descargado:"
        },
        "206fdb3626f498af4b830cbf6c2efc0a": {
            "text": "%s est\u00e1 listo para instalar"
        },
        "5edb0eb1006e6be6d4cd5609357b4bb3": {
            "text": "Instalar ahora"
        },
        "bfaf55307f89bbad2f781f3ea25fae91": {
            "text": "Dejar desinstalado"
        },
        "bb8985c9a93d30135e0a662d77228e87": {
            "text": "Actualizado:"
        },
        "5bee92e129673eefc19da149e2b58f15": {
            "text": "%s fue actualizado correctamente."
        },
        "292287e744d21b09f577b3228ef5ce77": {
            "text": "Continuar a los ajustes del m\u00f3dulo"
        },
        "4ca1ee2e55f304b56891e55fc0ff7844": {
            "text": "No se ha especificado ning\u00fan m\u00f3dulo"
        },
        "e45037779e7b459b4ea29944f1b2ef5c": {
            "text": "Desinstalar este m\u00f3dulo? Despu\u00e9s de desinstalar, puede eliminar los archivos de m\u00f3dulos del servidor si no est\u00e1 en uso por otros m\u00f3dulos."
        },
        "a0ab914bff40f68598d99e99d39d859c": {
            "text": "Esto tambi\u00e9n desinstalar otros m\u00f3dulos"
        },
        "1f698ebf835d58ef66a38c20e1496fa2": {
            "text": "(Desactivado)"
        },
        "c19eca215de858fb52f1067064dc4bba": {
            "text": "No se puede desinstalar el m\u00f3dulo"
        },
        "7c4ba7a5c907fd803087ccd0da925c45": {
            "text": "Primero debe desinstalar otros m\u00f3dulos"
        },
        "c6ac99bad720428d69928c160e87c55e": {
            "text": "Este m\u00f3dulo no tiene ning\u00fan campo para configurar"
        },
        "aadb23a524b84262538be0a416d5868f": {
            "text": "M\u00f3dulo desinstalado"
        },
        "9b60baa546e5c978341fd2907b1d5dc9": {
            "text": "M\u00f3dulo Guardado"
        },
        "9c098768612f6e24d58eae6fb38ae756": {
            "text": "Comprobar si hay actualizaciones"
        },
        "bf17ac149e2e7a530c677e9bd51d3fd2": {
            "text": "M\u00f3dulos"
        },
        "b7e2c8a0dd9e5f4ac8848dc0ff32ba0f": {
            "text": "Lista, editar o instalar \/ desinstalar m\u00f3dulos"
        },
        "ea6cee49cbd5313f532c8f213e820e63": {
            "text": "URL m\u00f3dulos de servicio Web"
        },
        "b815574829ed2efce1faef571bc8b22e": {
            "text": "M\u00f3dulos de Servicio Web API Key"
        },
        "70d2b9e888cc1816db79833873ff3a93": {
            "text": "M\u00f3dulo"
        },
        "27a35aaa9bc34010a2a8b5f6e72bc59c": {
            "text": "Version"
        },
        "397433048c1c0bf93e5c0b270e178cb5": {
            "text": "Resumen"
        },
        "ab216fc1fc240e6ae4a8d9e632b75177": {
            "text": "Requiere"
        },
        "d79883f0aa4bbfa29cfade81d86f4914": {
            "text": "Tambi\u00e9n se instala"
        },
        "7dadd48b9d04ac2c725c773fb9b845e6": {
            "text": "Instalar"
        },
        "abc3baafc079141ff12cc709fd46f471": {
            "text": "Borrar"
        },
        "5ef031b334adbb931cf113da0bd6dcea": {
            "text": "Ajustes"
        },
        "16cc8e66dedb68f1f49e919c348e3de5": {
            "text": "Todav\u00eda no"
        },
        "874966d700b2e2cca2577a2eac1d28f0": {
            "text": "Clase"
        },
        "f660f5f5478044f06b7c4ff7faf94e22": {
            "text": "Version"
        },
        "64e220482c5957a4bc72eb93fa23c97d": {
            "text": "Instalado?"
        },
        "adface9f151f3625734957af4cc90bdc": {
            "text": "Autores"
        },
        "e5f2ca40c235fae5ac687e306de83787": {
            "text": "Resumen"
        },
        "e6b6277ba8181bbd1527a9862aac46ec": {
            "text": "Estado de estreno"
        },
        "8cdfd203b4ed8d5355ee6f7e2819f1f7": {
            "text": "Compatibilidad"
        },
        "6e3ecdf50e3929756d31a4f4a80179da": {
            "text": "Enlaces"
        },
        "48b843a3e9c0825de5170cc33048043f": {
            "text": "archivo ZIP"
        },
        "89f479678076a540904291ac97e7b29c": {
            "text": "Tenga en cuenta"
        },
        "6d1e927236b37ef520bf1e0c06162c61": {
            "text": "Desinstalar"
        },
        "1ac54e3228009efa1fcf80b8709e1288": {
            "text": "T\u00edtulo"
        },
        "6499bebe581347fb21854f07912f1f65": {
            "text": "Clase"
        },
        "db91f2b6a497a7f2f78f5ef53cc47fab": {
            "text": "Archivo"
        },
        "f09023872796deae6f1373d8a9d31a1e": {
            "text": "Autor"
        },
        "633ce9b9b1a0e5b2f37bcc433eda6073": {
            "text": "Resumen"
        },
        "a954570dccb58d6a3edeb19736234655": {
            "text": "Requiere"
        },
        "c3beb2f9b875c79f76cf703ad3659d68": {
            "text": "Requerido por"
        },
        "4d9ea4616e8b425d256a718c7686ed2b": {
            "text": "Permiso Requerido"
        },
        "76ff1156be021b9f8cc2597febd46133": {
            "text": "Ganchos (hooks) hacia"
        },
        "3ffe0dd3025d49ed76beaaf53f4889ac": {
            "text": "M\u00e1s informaci\u00f3n"
        },
        "da50401ad6d0a7e3ec13844538e10864": {
            "text": "Informaci\u00f3n del m\u00f3dulo"
        }
    }
}