{
    "file": "wire\/modules\/Process\/ProcessPageSort.module",
    "textdomain": "wire--modules--process--processpagesort-module",
    "translations": {
        "e2111cfa400d8efca8fff0bbc1a8f15b": {
            "text": "Su cambio no se salv\u00f3 porque este sitio est\u00e1 en modo de demostraci\u00f3n"
        },
        "0db87eb504b99fcf932f155d5da63a4c": {
            "text": "Este proceso s\u00f3lo se puede acceder a trav\u00e9s de POST"
        },
        "96f477ed9c2b2d81e6fc9c3cd2193529": {
            "text": "Usted no tiene permiso para mover las p\u00e1ginas utilizando esta matriz"
        },
        "1c43008d48eb0ff1df5fc9087a7ccb8c": {
            "text": "Usted no tiene permiso para ordenar las p\u00e1ginas utilizando esta matriz"
        },
        "ddc332a75220e5e221857ffb04e8db6e": {
            "text": "Su orden no se guard\u00f3 porque estas p\u00e1ginas se ordenan autom\u00e1ticamente por %s."
        },
        "4ffa47ba7e31d108826e5575f3a2e113": {
            "text": "Ordenar y Mover P\u00e1gina"
        },
        "584e7df02885888b1b91adca6fa16c20": {
            "text": "Maneja la p\u00e1gina de clasificaci\u00f3n y en movimiento para PageList"
        }
    }
}