{
    "file": "wire\/modules\/Process\/ProcessPageTrash.module",
    "textdomain": "wire--modules--process--processpagetrash-module",
    "translations": {
        "90e829a463f2e23bdd11a7d8dddabe7e": {
            "text": "La papelera se ha vaciado"
        },
        "2f8f6dfb12d1ccfb64a4bc419130dd5a": {
            "text": "La papelera est\u00e1 vac\u00eda"
        },
        "b93325ff37316801eaf36f95c25a75e3": {
            "text": "Las p\u00e1ginas siguientes est\u00e1n en la papelera"
        },
        "206c3d86254559ad3cd3b88e8e002113": {
            "text": "Vaciar papelera"
        },
        "80a9994143f3ef28a7ba4fd1dd67436a": {
            "text": "Por favor confirme que desea vaciar la papelera."
        },
        "1012544490a2eae7e9782116062941b6": {
            "text": "Si hay demasiados elementos en la papelera, es posible que tenga que vaciar varias veces."
        },
        "76c155bf8de0fe17853a8d8c231f72b0": {
            "text": "Papelera"
        },
        "920202a83e840023ebf5ac6e31ccfbf3": {
            "text": "Maneja el vaciado de la papelera"
        }
    }
}