{
    "file": "wire\/modules\/Inputfield\/InputfieldSelector\/InputfieldSelector.module",
    "textdomain": "wire--modules--inputfield--inputfieldselector--inputfieldselector-module",
    "translations": {
        "6daa35fd97a645b8e37cae080eab3de9": {
            "text": "Agregar campo"
        },
        "d81f0f02cd6a877358cde8fbdbad89a5": {
            "text": "d-m-Y"
        },
        "dab4b1ae6ff4f4a6b0ae4a2ce2601794": {
            "text": "dd-mm-yyy"
        },
        "1388e1432a93282ab487548dce4847d4": {
            "text": "H:i"
        },
        "a5dc4a847828895f72a94ab5debe5c00": {
            "text": "hh:mm"
        },
        "0ccb67e7eaae09d9e4078d161eeca100": {
            "text": "Igual"
        },
        "fb83c9b66919b4a757a43a807b6af2cf": {
            "text": "No es Igual"
        },
        "7288454fa442d48bc741c5cbadc2621b": {
            "text": "Mayor que"
        },
        "45ed1ce04bcf6003d4702422e1221c85": {
            "text": "Menor que"
        },
        "948f7ffb9d1e26622df83711e20e2fb2": {
            "text": "Mayor o igual"
        },
        "189ce8ec24447eef9869d18043c9e303": {
            "text": "Menor o igual"
        },
        "7842f2dabc6c53dca4319818c88ebeb9": {
            "text": "Contiene el texto"
        },
        "8354008c16032b35e36589957a3bd65f": {
            "text": "Contiene la Frase"
        },
        "7df149c48f0508977c06be79341a40ed": {
            "text": "Contiene las palabras"
        },
        "062e49c0f9af31da4f7314124191d9ef": {
            "text": "Comienza Con"
        },
        "3ad33d3cec01f7125e3cd0575cada7ef": {
            "text": "Termina por"
        },
        "1bb628612045d3d012de22cb249f83fc": {
            "text": "Ascendente Por"
        },
        "8ff3555e6aae7a100304c7b522bc350a": {
            "text": "Descendente por"
        },
        "9f9913233699a4b67524eaac55a5f973": {
            "text": "Tiene"
        },
        "aaa93244710b294d585b015dbb9b0317": {
            "text": "No tiene"
        },
        "a61bbf7ad0ed153cb6c84fe3c8a9f2bb": {
            "text": "Coinciden"
        },
        "9c52ccb297567646df342a0413de3b02": {
            "text": "No coinciden"
        },
        "78c143802119a85c9774c0459240085d": {
            "text": "Est\u00e1 vac\u00edo"
        },
        "cbe0970a192d6df9999f4469f0854984": {
            "text": "No est\u00e1 vac\u00edo"
        },
        "278c491bdd8a53618c149c4ac790da34": {
            "text": "Plantilla"
        },
        "49ee3087348e8d44e1feda1917443987": {
            "text": "Nombre"
        },
        "ec53a8c4f07baed5d8825072c89799be": {
            "text": "Estado"
        },
        "7acdf85c69cc3c5305456a293524386e": {
            "text": "Oculto"
        },
        "0774e163cd7df482edd2abd498189f8b": {
            "text": "Despublicado"
        },
        "d0f2e5376298c880665077b565ffd7dd": {
            "text": "Bloqueado"
        },
        "a7e253cd8dd95da3e20daf45519a8dc2": {
            "text": "Papelera"
        },
        "a4b7f1864cfdb47cd05b54eb10337506": {
            "text": "Fecha de cambio"
        },
        "b3b60b7a5e7f9977461d42a94bf2c761": {
            "text": "Fecha de creaci\u00f3n"
        },
        "f5248dcc5755bb5124281da75c73b828": {
            "text": "Modificado por el usuario"
        },
        "69d1da1f16cb2c86467b8ac7495acb25": {
            "text": "Creado por el usuario"
        },
        "631e36e8090edcdfea8b0b6dfa4f75cc": {
            "text": "N\u00famero de hijos"
        },
        "e93f994f01c537c4e2f7d8528c3eb5e9": {
            "text": "Contar"
        },
        "4b9c456267783c4e40e7da4a4a61e887": {
            "text": "Tiene el padre \/ ancestro"
        },
        "d0e45878043844ffc41aac437e86b602": {
            "text": "padre"
        },
        "6b46ae48421828d9973deec5fa9aa0c3": {
            "text": "Ordenar"
        },
        "80d2677cf518f4d04320042f4ea6c146": {
            "text": "L\u00edmite"
        },
        "f4d72a64acd8929c0cc9ed96a7a336cc": {
            "text": "Incluye"
        },
        "765c9ab816a31bfd73ee87ce63960319": {
            "text": "Ocultos e in\u00e9ditos"
        },
        "b0db92ad2bbe61a11556a881e26ee82c": {
            "text": "papelera + in\u00e9dito + Ocultos"
        },
        "b1c94ca2fbc3e78fc30069c8d0f01680": {
            "text": "Todos"
        },
        "1a110fbdc786fe3100367f14c911a2da": {
            "text": "(%d sin l\u00edmite)"
        },
        "1a2ecbf77cfe45069451c9954f74ea36": {
            "text": "P\u00e1ginas que responden a su selecci\u00f3n"
        },
        "a7dd12b1dab17d25467b0b0a4c8d4a92": {
            "text": "mostrar"
        },
        "befb04e123caaa28446ca8080a5fd836": {
            "text": "Cambiar a las etiquetas de campo"
        },
        "e3e67251cebf159d3549a0a91729605d": {
            "text": "Cambiar a nombres de campo"
        },
        "f0c49f49661670cb88d2fd060c4d6a68": {
            "text": "Sin marcar"
        },
        "6adf97f83acf6453d4a6a4b1070f3754": {
            "text": "Ninguno"
        },
        "ad666d19888133a3cebc428f7535f2af": {
            "text": "Empieza a escribir ..."
        },
        "719cb425116d7d1c8b0c62c7064aaf9b": {
            "text": "Marque la casilla para hacer esta fila O en vez de Y"
        },
        "c7c76bcc877e95946d0158c1a0dd63a2": {
            "text": "Coincide por ID (subselector)"
        },
        "1d79542121869a6161bed167902ddc79": {
            "text": "Cada fila selector arriba dice: campo debe coincidir con el valor. Estos son los llamados y Condiciones. En los casos en el mismo campo o valor aparece en m\u00e1s de una fila, una condici\u00f3n OR es posible. La presencia de una casilla de verificaci\u00f3n en el extremo de la fila indica esto. Marque esta casilla para que la fila de una condici\u00f3n OR en lugar de una condici\u00f3n AND."
        },
        "d1a7ff19fe990b9467a4a64f01a09f4e": {
            "text": "Padres"
        },
        "8449d3ddcf7322067ea68d60a3098945": {
            "text": "Padres"
        },
        "ea66a0a3f3311a155d84ef03a56850ca": {
            "text": "Campos del sistema"
        },
        "b12aae296eaa3d0cb3191edcf8764117": {
            "text": "Campos"
        },
        "8a605787234086b5d0155715095a1c2a": {
            "text": "Subcampos"
        },
        "997bf93bdd0a990a751b4b33749fb171": {
            "text": "1 coincidencia"
        },
        "c3bd2ae49552f0fe2dd5927024fea5db": {
            "text": "Modificadores"
        },
        "700e1502327c4e2d38cef2f7c15b2f17": {
            "text": "Ajustes"
        }
    }
}