{
    "file": "wire\/modules\/Process\/ProcessPageClone.module",
    "textdomain": "wire--modules--process--processpageclone-module",
    "translations": {
        "5fb63579fc981698f97d55bfecb213ea": {
            "text": "Copiar"
        },
        "779e23d04b68b9515ffc345454994895": {
            "text": "Copiar p\u00e1gina"
        },
        "0ac579c02e8d96b65a4bff917771b245": {
            "text": "No se puede cargar la p\u00e1gina"
        },
        "3311bb66a5349309e01c99050e744f0b": {
            "text": "Esto har\u00e1 que una copia de %s"
        },
        "59eeb47edc78526e0e13dc0dfa8f6b07": {
            "text": "T\u00edtulo de la nueva p\u00e1gina"
        },
        "415d40999f28fef452f65616dabfc7a0": {
            "text": "Hacer la nueva p\u00e1gina no publicado?"
        },
        "2627956e008c08b8affd8608d7980ff4": {
            "text": "Si se selecciona, la p\u00e1gina clonada se le dar\u00e1 un estatus in\u00e9dito por lo que a\u00fan no se puede ver en el front-end de su sitio."
        },
        "5061c76f17ce15eb2a6092a51cb22aa3": {
            "text": "Copiar los hijos tambi\u00e9n?"
        },
        "a6c4c88eb6c7d256bf2e4aa56df4430f": {
            "text": "Si est\u00e1 marcada, todos los hijos, nietos, etc, tambi\u00e9n se clonan con esta p\u00e1gina."
        },
        "06170efdb0d3840cd32dea984d32067a": {
            "text": "Advertencia: si hay una estructura muy grande de p\u00e1ginas por debajo de este, puede ser lento o imposible de completar."
        },
        "6a26ee7a6d1234006bf3806ee697f7d0": {
            "text": "No se puede clonar la p\u00e1gina %s"
        },
        "7e263f9f6a65e1126c6a599ea015a27c": {
            "text": "P\u00e1gina clonada \"%1$s\" a \"%2$s\""
        },
        "366637b8eb1e99b85f6d6535e326a491": {
            "text": "P\u00e1gina Clonada"
        },
        "fae7550bf964aa09e51752b154a6cb23": {
            "text": "Proporciona capacidad de clonar \/ copia \/ p\u00e1ginas duplicadas en la administraci\u00f3n. Agrega una opci\u00f3n de \"copiar\" a todas las p\u00e1ginas que se encuentren en PageList."
        },
        "0a198ede7ab46185f2e9fb2a3628419b": {
            "text": "(copia)"
        },
        "884ba0e5457b084e152567fd52b66f6c": {
            "text": "(copias %d)"
        }
    }
}