{
    "file": "wire\/modules\/Inputfield\/InputfieldPageListSelect\/InputfieldPageListSelectMultiple.module",
    "textdomain": "wire--modules--inputfield--inputfieldpagelistselect--inputfieldpagelistselectmultiple-module",
    "translations": {
        "ec211f7c20af43e742bf2570c3cb84f9": {
            "text": "A\u00f1adir"
        },
        "ea4788705e6873b424c65e91c2846b19": {
            "text": "Cancelar"
        },
        "e0626222614bdee31951d84c64e5e9ff": {
            "text": "Seleccionar"
        },
        "46b816f573557a53c93ac78bbcfa9493": {
            "text": "Deseleccionar"
        },
        "d3da97e2d9aee5c8fbe03156ad051c99": {
            "text": "M\u00e1s"
        },
        "417c313c31381894998d5fa72eac82c8": {
            "text": "No se puede representar este campo debido a que faltan p\u00e1gina principal en la configuraci\u00f3n del campo."
        },
        "fae5139ea4669e57a1e1d43da734b60d": {
            "text": "Lista de P\u00e1ginas"
        },
        "3677aac44cf40763444008a08a7e33aa": {
            "text": "Selecci\u00f3n de varias p\u00e1ginas en una lista de \u00e1rbol p\u00e1gina."
        }
    }
}