{
    "file": "wire\/modules\/Process\/ProcessTemplate\/ProcessTemplateExportImport.php",
    "textdomain": "wire--modules--process--processtemplate--processtemplateexportimport-php",
    "translations": {
        "adb6c5041788e54ab20e2a3ef58fbe6e": {
            "text": "Seleccione las plantillas que desea exportar"
        },
        "ad32e604e17467fc435538334fbddf3e": {
            "text": "NOMBRE"
        },
        "6f434c508ad901b8667ed22f713e52bb": {
            "text": "ETIQUETA"
        },
        "60f5cde0d3f7fde81ba481a6a2ea2c49": {
            "text": "CAMPOS"
        },
        "40e3819215b52841e19a7cac06b5f065": {
            "text": "MODIFICADO"
        },
        "2f1fb3d9f25082e7fdb0befdad16da5f": {
            "text": "Exportar datos"
        },
        "6af8cf07d769a110f0b2483692ef424c": {
            "text": "Copiar y pegar estos datos en la caja de \"importaci\u00f3n\" de otra instalaci\u00f3n."
        },
        "9d823cda278191490c2a99bbb912cc9d": {
            "text": "Haga clic en cualquier parte del cuadro para seleccionar todos los datos de exportaci\u00f3n. Una vez seleccionado, copiar los datos con CTRL-C o CMD-C."
        },
        "dce8c8fe6bdf804f2a98384dedea1360": {
            "text": "Pegar en los datos de una exportaci\u00f3n."
        },
        "139ef19d3b2f902827257b2ebc33d708": {
            "text": "Copie los datos de exportaci\u00f3n de otra instalaci\u00f3n y luego pegar en el cuadro de arriba con CTRL-V o CMD-V."
        },
        "31fde7b05ac8952dacf4af8a704074ec": {
            "text": "Previsualizaci\u00f3n"
        },
        "22af645d1859cb5ca6da0c484f1f37ea": {
            "text": "nuevo"
        },
        "c112bb3542e98308d12d5ecb10a67abc": {
            "text": "Cambios"
        },
        "5ad234cb2cde4266195252a23ca7d84e": {
            "text": "Propiedad"
        },
        "56f05ff480907494bd933f4ad4faf9e2": {
            "text": "Valor antiguo"
        },
        "943f335b83ec6549ef45388ececff4e1": {
            "text": "Nuevo valor"
        },
        "34eb90456e45e06048e287f649c4fba0": {
            "text": "No hay cambios pendientes."
        },
        "10683c4dcfaf72824f906297f56bf7a5": {
            "text": "Modificar esta plantilla?"
        },
        "8ed3116cc653ca014c306d4750f6fdb4": {
            "text": "Crear esta plantilla?"
        },
        "83e14aace19687fe9e1fbb8f913bf569": {
            "text": "haga clic en S\u00ed para mostrar los cambios"
        },
        "47a35a358887cc2c9994fb517d6a2b0b": {
            "text": "A veces puede tomar dos cambios antes de aplicar todos los cambios. Por favor revisar todos los cambios pendientes inferiores y comprometerse cuando sea necesario."
        },
        "b2ba5835eaaa55607da59f696dcd4a87": {
            "text": "Por favor, revise los cambios a continuaci\u00f3n y cometerlos cuando est\u00e9 listo. Si hay alg\u00fan cambio que usted no desea aplicar, desactive las casillas en su caso."
        },
        "b604e6f64e19eea098f6d87c63552c53": {
            "text": "Guardar cambios"
        },
        "16babeb0401a3e00da9891b97e94d6fe": {
            "text": "Sus cambios se han aplicado!"
        },
        "15055fb4c054396bf293c21c12c578be": {
            "text": "No se encontraron cambios"
        },
        "426de2596501a3cff8977e60c271889c": {
            "text": "Guardado:"
        },
        "9e8f440807ceee9139987ab8fc6af288": {
            "text": "A\u00f1adido:"
        },
        "c5537dee88da6f333d20bfd49cfe1ce4": {
            "text": "Modificado:"
        },
        "19b7fb53a85de3c8ba85672a91a7398b": {
            "text": "Exportaci\u00f3n"
        },
        "722034114c47bfa859a1be8200469fcf": {
            "text": "Okay"
        },
        "12c658575040446e9b2ffdfaaf7bc115": {
            "text": "Importaci\u00f3n"
        },
        "a7820bfdb5b31eb4ee4165f2c8bef779": {
            "text": "S\u00ed"
        },
        "1354eb301e2c7c55f79a7f13adb363e3": {
            "text": "No"
        },
        "1de056630a16e4be557e090c25f5791e": {
            "text": "%d aviso"
        },
        "f96edcbe75239be800209c48ae9beb65": {
            "text": "%d avisos"
        },
        "8ba486983cfbf272f154102c788863e6": {
            "text": "Encontrado %d  propiedad a aplicar."
        },
        "dbda450b59595e4fd37fd581d205334f": {
            "text": "Encontrado %d propiedades a aplicar."
        },
        "55c3a7525ed259e874a6d8f5e7e1b951": {
            "text": "Avisos en %d plantilla"
        },
        "c444fb69a513bb955e7fc6d2743259c0": {
            "text": "Avisos en %d plantillas"
        },
        "941d6506a00bb692b6fef9cd4ae4b5e1": {
            "text": "Encontrada %d  nueva plantilla para agregar"
        },
        "5788268970dc1d50bc88a88494487e11": {
            "text": "Encontradas %d  nuevas plantillas para agregar"
        },
        "6c0ca3ff5408385efd5418b46d06cd85": {
            "text": "Encontrada %d plantilla existente para actualizar"
        },
        "b51b8d4de5d4fd2422af0fb2ad529875": {
            "text": "Encontradas %d plantillas existentes para actualizar"
        },
        "9b64d9a70291ddd3f6c42edec1bb9866": {
            "text": "A\u00f1adido elemento %d"
        },
        "0f1a6168f03f3ac45f46090fef3bf688": {
            "text": "A\u00f1adidos %d elementos"
        },
        "1992f81aea256b7d907c455b395d5ea4": {
            "text": "Modificado %d elemento"
        },
        "91cfce0d08404cef27087ea2d7c9043a": {
            "text": "Modificados %d elementos"
        },
        "c95e1b7b8cdab666cefec077890996f5": {
            "text": "Omitido %d elemento"
        },
        "fc9475948584941277524f1216bb18ff": {
            "text": "Omitidos %d elementos"
        }
    }
}