{
    "file": "wire\/core\/Modules.php",
    "textdomain": "wire--core--modules-php",
    "translations": {
        "336fe202866724eda0e075643f972571": {
            "text": "Advertencia: parece que hay dos copias del m\u00f3dulo \"% s\" en el sistema de archivos."
        },
        "01d68b9ea1b4ff3238768d9a30bcfa33": {
            "text": "Por favor, elimine el de \/ sitio \/ modules \/ a menos que usted los necesite por alguna raz\u00f3n."
        },
        "3919fe955716c54c409b522a1003f3e0": {
            "text": "Usted no tiene permiso para ejecutar este m\u00f3dulo"
        },
        "8fbd3d16ca5c99185a023c9b7e6bb3e9": {
            "text": "Creado el permiso: %s"
        },
        "e349b4d55d1eb71f3b313924149aa242": {
            "text": "Error creando el permiso %s"
        },
        "d8b74ebbc7d2d9e0bb9860f5875e6a58": {
            "text": "Auto instalar m\u00f3dulo"
        },
        "2ccb0669e8a2f6a3117f340bb36e8d4b": {
            "text": "Auto desinstalar m\u00f3dulo"
        },
        "37ab3f591b07274ff3b4c891af63e4d1": {
            "text": "Borrado el permiso %s"
        },
        "7dd5a577bde82df3631263cfd04a07bb": {
            "text": "Error borrando el permiso: %s"
        },
        "141e30f2de96660020efd996cc916413": {
            "text": "Falla la dependencia del m\u00f3dulo %s requiere %s"
        }
    }
}