{
    "file": "wire\/modules\/Process\/ProcessPageSearch\/ProcessPageSearch.module",
    "textdomain": "wire--modules--process--processpagesearch--processpagesearch-module",
    "translations": {
        "2c44229630ad7e2758a89bd14435a31b": {
            "text": "No se ha especificado una b\u00fasqueda"
        },
        "f802f85dd1eb6a1b3fb0591c682807e9": {
            "text": "Buscar en el campo (s):"
        },
        "52b9d143876d2754dd01be52587b1de8": {
            "text": "Tipo de b\u00fasqueda:"
        },
        "75ecaaafd1f677d07360709be6528768": {
            "text": "Buscar:"
        },
        "9e230fa5487a0172264f31c0a1b08b61": {
            "text": "Limitar a la plantilla:"
        },
        "6f9d01a14011f05fffe48559583fc609": {
            "text": "Ordenar por:"
        },
        "fa4e2f0cea3ceef82c840df64fecb9e4": {
            "text": "Orden inverso?"
        },
        "1e9c565e43a1f652a2718003bbad887e": {
            "text": "Mostrar campo(s):"
        },
        "b4805a9af05d82889758dda70003cfc6": {
            "text": "Opciones de B\u00fasqueda"
        },
        "9b6545e4cea9b4ad4979d41bb9170e2b": {
            "text": "Avanzada"
        },
        "29e9d8e295b1d5b3002d2d3d5baa4c37": {
            "text": "Accesos directos"
        },
        "de95b43bceeb4b998aed4aed5cef1ae7": {
            "text": "editar"
        },
        "0ccb67e7eaae09d9e4078d161eeca100": {
            "text": "Igual"
        },
        "3255c386f4276b5c66f12d216ec71906": {
            "text": "No es igual a"
        },
        "05824b7be006782aaefd1fdb97c71e06": {
            "text": "Mayor que"
        },
        "798fe01fcb2754a295b6937ed885a69a": {
            "text": "Mayor o igual a"
        },
        "ad647e4ae904c7ed54ee93040d8298c7": {
            "text": "Menor que"
        },
        "28d1141142e2cbb29e657b69a044ddf4": {
            "text": "Menor o igual a"
        },
        "45fc43a01c15bc63159695441dfacd63": {
            "text": "Contiene frase o palabra parcial"
        },
        "e44edbd140708c448e991cde9d8dc0b2": {
            "text": "Contiene frase \/ palabra usando LIKE"
        },
        "593e63d42f95f6ad96cf700f80c2fe2c": {
            "text": "Contiene todas las palabras"
        },
        "d60c090c3c99aaae5f57da3eb85fe008": {
            "text": "Campos predeterminados para buscar"
        },
        "bfe2201d3b973b0d8c3c5b0ea08e1736": {
            "text": "Escriba los nombres de uno o m\u00e1s campos de texto que desea buscar, separando cada uno por un espacio."
        },
        "6278e5dbbd21048091f612f55185257e": {
            "text": "Campo (s) para buscar en el modo de b\u00fasqueda admin (ajax)"
        },
        "cc10d38a176ad7cde1228d2e22f1122b": {
            "text": "Se recomienda limitar esta a 1 o 2 campos como m\u00e1ximo ya que los resultados poblar un campo de autocompletado en vivo. Normalmente usted acaba de buscar el t\u00edtulo."
        },
        "2d29cf36f3ebbd5bab570d70070e5102": {
            "text": "Campo por defecto Nombre (s) para mostrar en los resultados de b\u00fasqueda"
        },
        "6cfd6f09104bdac467bb40624aae4e9c": {
            "text": "Si se especifica m\u00e1s de un campo, sep\u00e1relos con un espacio."
        },
        "51e1d489ac4198969f8daf52b7cdfaf6": {
            "text": "Operador de b\u00fasqueda predeterminado"
        },
        "4ecb0055aa1e66535afeaf6093585618": {
            "text": "B\u00fasqueda"
        },
        "d27c07f4c0dd15e39cedd91c19cb279f": {
            "text": "B\u00fasqueda"
        },
        "c488b358fae501da3848f9faeb83dd35": {
            "text": "Campos"
        },
        "736f3e2669c68c02be0fb19d1e70622f": {
            "text": "Plantillas"
        },
        "c26ba1dd54d52630a0aedf779e5926af": {
            "text": "M\u00f3dulos"
        },
        "8aa55d906b86496efeb66b0eae7d75ce": {
            "text": "P\u00e1ginas"
        },
        "4b315bff8c7b70281de8ffffbd150708": {
            "text": "B\u00fasqueda"
        }
    }
}