{
    "file": "wire\/core\/Functions.php",
    "textdomain": "wire--core--functions-php",
    "translations": {
        "6e7b34fa59e1bd229b207892956dc41c": {
            "text": "Nunca"
        },
        "2654992d78afbd40bad349302a6f2b6a": {
            "text": "En este momento"
        },
        "6d0a578ca2f2c0e792fc923002fccbe3": {
            "text": "Hace"
        },
        "9aa587bfb76008ca6b764747b7e43aff": {
            "text": "a partir de ahora"
        },
        "97bc592b27a9ada2d9a4bb418ed0ebed": {
            "text": "ahora"
        },
        "5d2bf8e6622cb88ca16a745dcf8153a0": {
            "text": "sem"
        },
        "197639b278057c519189add5413712e3": {
            "text": "mes"
        },
        "24457c6b0ac87e9c58d80dca40b16dee": {
            "text": "a\u00f1o"
        },
        "2787910b1b16428d65412fca2718a92e": {
            "text": "d\u00e9cada"
        },
        "4ed6db01dd21186f0050084d96e6aeba": {
            "text": "semanas"
        },
        "06e8cef1ae0ffb3748215cf9827cba6d": {
            "text": "meses"
        },
        "dd54b79040542ce0f6691e1a1945827a": {
            "text": "a\u00f1os"
        },
        "a6e311dfab473630d03ac5323d5c36e9": {
            "text": "d\u00e9cadas"
        },
        "13b5bfe96f3e2fe411c9f66f4a582adf": {
            "text": "en"
        },
        "74459ca3cf85a81df90da95ff6e7a207": {
            "text": "seg"
        },
        "d8bd79cc131920d5de426f914d17405a": {
            "text": "min"
        },
        "628b7db04235f228d40adc671413a8c8": {
            "text": "d\u00eda"
        },
        "172a8327fcd3685ab3c0f740d031da09": {
            "text": "semana"
        },
        "7436f942d5ea836cb84f1bb2527d8286": {
            "text": "mes"
        },
        "84cdc76cabf41bd7c961f6ab12f117d8": {
            "text": "a\u00f1o"
        },
        "975a85a4ffa56e23c70e2bbeaf405ac7": {
            "text": "segundos"
        },
        "1442a7b6e2c20b27775175eecba84dac": {
            "text": "minutos"
        },
        "c760237f74bcc7e3f90ad956086edb66": {
            "text": "horas"
        },
        "44fdec47036f482b68b748f9d786801b": {
            "text": "d\u00edas"
        },
        "ae60f11ab51860bdb22794a943335a34": {
            "text": "semanas"
        },
        "da36cfaf48b9e19896e23e1207040d1e": {
            "text": "meses"
        },
        "75aeb98e5241592ad6a6c2c4c78a16ef": {
            "text": "a\u00f1os"
        },
        "a9f0e61a137d86aa9db53465e0801612": {
            "text": "segundo"
        },
        "0a7d55be9d12a369a6a8da0fb517fba4": {
            "text": "minuto"
        },
        "896c55cc5e46fab38ce9f51ebf7bfcd3": {
            "text": "hora"
        },
        "783e8e29e6a8c3e22baa58a19420eb4f": {
            "text": "segundos"
        },
        "640fd0cc0ffa0316ae087652871f4486": {
            "text": "minutos"
        },
        "73cdddd7730abfc13a55efb9f5685a3b": {
            "text": "horas"
        },
        "b7d838b2422049639db6fb2bb6ba04bf": {
            "text": "T Q P"
        }
    }
}