{
    "file": "wire\/modules\/Fieldtype\/FieldtypeComments\/CommentList.php",
    "textdomain": "wire--modules--fieldtype--fieldtypecomments--commentlist-php",
    "translations": {
        "6f207f8b5dfe1eebac63467930df5189": {
            "text": "h3"
        },
        "8413c683b4b27cc3f4dbd4c90329d8ba": {
            "text": "Comentarios"
        },
        "5f3d086ce8bea5dbf6cc6335a5394c24": {
            "text": "Escrito por {cite} el {created}"
        },
        "4f7ba099c8cd7a8301cf1a8e81cb5e3c": {
            "text": "d\/m\/y g:ia"
        }
    }
}