{
    "file": "wire\/modules\/Inputfield\/InputfieldPageListSelect\/InputfieldPageListSelect.module",
    "textdomain": "wire--modules--inputfield--inputfieldpagelistselect--inputfieldpagelistselect-module",
    "translations": {
        "f4ec5f57bd4d31b803312d873be40da9": {
            "text": "Cambiar"
        },
        "ea4788705e6873b424c65e91c2846b19": {
            "text": "Cancelar"
        },
        "e0626222614bdee31951d84c64e5e9ff": {
            "text": "Seleccionar"
        },
        "46b816f573557a53c93ac78bbcfa9493": {
            "text": "Deseleccionar"
        },
        "d3da97e2d9aee5c8fbe03156ad051c99": {
            "text": "M\u00e1s"
        },
        "417c313c31381894998d5fa72eac82c8": {
            "text": "No se puede representar este campo debido a que faltan p\u00e1gina principal en la configuraci\u00f3n del campo."
        },
        "9f3f3426fca77479498742b32c7d5d31": {
            "text": "Lista de p\u00e1ginas"
        },
        "a140a80c76193cb5a6bd75c2f9a13393": {
            "text": "La selecci\u00f3n de una sola p\u00e1gina de una  lista de \u00e1rbol."
        }
    }
}