{
    "file": "wire\/modules\/Inputfield\/InputfieldHidden.module",
    "textdomain": "wire--modules--inputfield--inputfieldhidden-module",
    "translations": {
        "689202409e48743b914713f96d93947c": {
            "text": "Valor"
        },
        "1758cb96bcb06c04bd244697d51ed7dd": {
            "text": "Valor que se rellena en este campo oculto."
        },
        "7acdf85c69cc3c5305456a293524386e": {
            "text": "Oculto"
        },
        "82a84988fe9847b174ab13ccd822f53c": {
            "text": "Valor oculto en un formulario"
        }
    }
}