{
    "file": "wire\/modules\/Fieldtype\/FieldtypeFloat.module",
    "textdomain": "wire--modules--fieldtype--fieldtypefloat-module",
    "translations": {
        "211efcb1aa9b0567969d0ce5a18d850c": {
            "text": "N\u00famero de d\u00edgitos decimales a redondear"
        },
        "22ae0e2b89e5e3d477f988cc36d3272b": {
            "text": "Float"
        },
        "ba16f38e77b1ed0fffd53a9ba0a63aab": {
            "text": "El campo que almacena un n\u00famero de punto flotante (decimal)"
        }
    }
}