{
    "file": "wire\/modules\/Inputfield\/InputfieldFile\/InputfieldFile.module",
    "textdomain": "wire--modules--inputfield--inputfieldfile--inputfieldfile-module",
    "translations": {
        "b5a7adde1af5c87d7fd797b6245c2a39": {
            "text": "Descripci\u00f3n"
        },
        "189f63f277cd73395561651753563065": {
            "text": "Etiquetas"
        },
        "5e176961ecb3a67e9c653e60de703fdb": {
            "text": "arrastrar y soltar archivos aqu\u00ed"
        },
        "004a10c5de4a2eea5fc8f15e97a8030c": {
            "text": "No hay extensiones de archivo definidos para este campo."
        },
        "1a6d5576222d1a16320dda443f43b1fa": {
            "text": "Archivo adjunto:"
        },
        "a2c68b109a7c8855b92e56e64bdf4c01": {
            "text": "Archivo borrado:"
        },
        "cde86841445e53259c5beb7b61aaf389": {
            "text": "El destino est\u00e1 vac\u00edo o no existe"
        },
        "53fbb1f98e15224437792f2ea80847a2": {
            "text": "El destino no se puede escribir"
        },
        "b896cdc3267a288d8a0082126a91cb06": {
            "text": "L\u00edmite m\u00e1ximo de carga de archivos alcanza"
        },
        "bed8a5795ff53ecfd7b9dab0face84b6": {
            "text": "Descomprimir archivos ZIP?"
        },
        "fab7f7d0de48baa58342b39e975c9aab": {
            "text": "Si est\u00e1 marcado, los archivos ZIP se descomprimen y todos los archivos v\u00e1lidos a\u00f1aden como archivos (si es compatible con el entorno de alojamiento). Archivos Max se deben establecer en 0 (sin m\u00e1ximo) para que los archivos subidos Zip para que sea funcional."
        },
        "91015caeadb6afed86544257b5d796f5": {
            "text": "N\u00famero de filas para la descripci\u00f3n del campo?"
        },
        "27eebd9281cfaa6f4173d02986c9ad71": {
            "text": "Introduce el n\u00famero de filas disponibles para el campo de descripci\u00f3n de archivos, o introduzca 0 para no tener un campo de descripci\u00f3n."
        },
        "1aac69c83eb57d215a710401956430f1": {
            "text": "Desactivar descripciones en varios idiomas?"
        },
        "9c0e34e99b5acfb622d682dabefa5578": {
            "text": "Por defecto, las descripciones son multi-idioma cuando se ha instalado Soporte de idiomas. Si desea desactivar las descripciones en varios idiomas, marque esta casilla."
        },
        "91f3a2c0e4424c87689525da44c4db11": {
            "text": "Archivos"
        },
        "fbf221ff984c277d7fea5d290e817767": {
            "text": "Uno o m\u00e1s archivos (ordenable)"
        }
    }
}