{
    "file": "wire\/modules\/LanguageSupport\/ProcessLanguage.module",
    "textdomain": "wire--modules--languagesupport--processlanguage-module",
    "translations": {
        "8327b21ed9628232c90353c7c08ad16f": {
            "text": "%d abandonado"
        },
        "c4337ed7fd3fa9186398110fdd126ba0": {
            "text": "%d blanco"
        },
        "4b58cc72fab0b5fb596e9f02091ec0fe": {
            "text": "Traducir Archivo"
        },
        "9b73fd4d710e72a212bfc7dbe5692405": {
            "text": "Descargar ZIP"
        },
        "3a08e2e340ab29fd9263af48193cbf8e": {
            "text": "Idiomas"
        },
        "8ff1c082c6dbbbb942d86d0620b18aca": {
            "text": "Gestionar los idiomas del sistema"
        },
        "1514a1c310fe6db41aeda8f1b1006713": {
            "text": "Editar"
        },
        "897d3357128f316af8d6a605c545a702": {
            "text": "%d frase"
        },
        "f38977b9226f40d3b86bae7d9611a880": {
            "text": "%d frases"
        }
    }
}