{
    "file": "wire\/modules\/Fieldtype\/FieldtypeRepeater\/InputfieldRepeater.module",
    "textdomain": "wire--modules--fieldtype--fieldtyperepeater--inputfieldrepeater-module",
    "translations": {
        "f2a6c498fb90ee345d997f888fce3b18": {
            "text": "Borrar"
        },
        "6b46ae48421828d9973deec5fa9aa0c3": {
            "text": "Ordenar"
        },
        "03c2e7e41ffc181a4e84080b4710e81e": {
            "text": "Nuevo"
        },
        "0774e163cd7df482edd2abd498189f8b": {
            "text": "Despublicar"
        },
        "7264d8c26ac9671a31cd3eb3ddd4a447": {
            "text": "Este elemento ser\u00e1 editable cuando guardes"
        },
        "138103c4e1d9c846d0afd000e5b928c8": {
            "text": "A\u00f1adir elemento"
        },
        "d3b3350cb648f345b0a21a048df0cf45": {
            "text": "Repetidor"
        },
        "25c63396ad92c7bbb48fa4aa21adc5e4": {
            "text": "Repite los campos de otra plantilla. Proporciona la entrada para FieldtypeRepeater."
        }
    }
}