{
    "file": "wire\/modules\/Process\/ProcessRole\/ProcessRole.module",
    "textdomain": "wire--modules--process--processrole--processrole-module",
    "translations": {
        "d08ccf52b4cdd08e41cfb99ec42e0b29": {
            "text": "Permisos"
        },
        "abf1be1c76c0620d1a220871b1ba0da1": {
            "text": "Permisos indicados abren m\u00e1s opciones de permisos que se revelan despu\u00e9s de marcar la casilla y guardar la p\u00e1gina."
        },
        "55713ee9cd76b3704908899aaa30b5e5": {
            "text": "* Tenga en cuenta que el control de la autorizaci\u00f3n p\u00e1gina a editar aqu\u00ed s\u00f3lo significa que el papel se puede seleccionar para el acceso de edici\u00f3n a nivel de plantilla. Simplemente asignar el permiso p\u00e1gina de edici\u00f3n aqu\u00ed no conceder el permiso de edici\u00f3n hasta que tambi\u00e9n se selecciona en una o m\u00e1s configuraciones de control de acceso de la plantilla."
        },
        "2ac1fce951ddece70a50dfb03bd386b2": {
            "text": "Nombre|t\u00edtulo"
        },
        "9bfb6e6af6e6793bfa9387e728187c87": {
            "text": "(requerido)"
        },
        "e5e77ccf470959bc6be60127730908b5": {
            "text": "Gestionar roles de usuario y los permisos que se adjuntan"
        }
    }
}