{
    "file": "wire\/modules\/Inputfield\/InputfieldName.module",
    "textdomain": "wire--modules--inputfield--inputfieldname-module",
    "translations": {
        "49ee3087348e8d44e1feda1917443987": {
            "text": "Nombre"
        },
        "05241f55e363027bb20f4669d784c28e": {
            "text": "Cualquier combinaci\u00f3n de letras (az), n\u00fameros (0-9) y guiones bajos (sin espacios)."
        },
        "e5e43bcb90e7ae502c28ecb1089b3aa7": {
            "text": "Entrada de texto validado como un campo de nombre ProcessWire"
        }
    }
}