{
    "file": "wire\/modules\/Process\/ProcessUser\/ProcessUser.module",
    "textdomain": "wire--modules--process--processuser--processuser-module",
    "translations": {
        "5dee1c6493112af5676354d6c4243fbe": {
            "text": "El usuario heredar\u00e1 los permisos asignados a cada rol. Puede asignar varias funciones a un usuario. Cuando se accede a una p\u00e1gina, el usuario s\u00f3lo deber\u00e1 heredar permisos de los roles que tambi\u00e9n est\u00e1n asignados a la plantilla de la p\u00e1gina."
        },
        "d04d81faf16d84bd95fab030a5bd3ad8": {
            "text": "Se requiere el papel guest (invitado)"
        },
        "1dae534355f564549697cc7da0eee7e7": {
            "text": "Usted no puede eliminar el rol de superusuario de ti mismo"
        },
        "a756ba771ff16a33ad921b8f017a7161": {
            "text": "Usted no puede ceder el rol de superusuario"
        },
        "f9aae5fda8d810a29f12d1e61b4ab25f": {
            "text": "Usuarios"
        },
        "242e1deb2d082e524a63f255f9f08c11": {
            "text": "Gestionar los usuarios del sistema"
        }
    }
}