{
    "file": "wire\/modules\/Process\/ProcessPageType\/ProcessPageType.module",
    "textdomain": "wire--modules--process--processpagetype--processpagetype-module",
    "translations": {
        "de9ced9bf5e9829de4a93ad8c9d7a170": {
            "text": "Crear nuevo"
        },
        "49ee3087348e8d44e1feda1917443987": {
            "text": "Nombre"
        },
        "9f8f70e6d54311627f02da284603db7a": {
            "text": "No hay datos para mostrar a\u00fan."
        },
        "89872ab3eb9af52f34b4dd82077758fc": {
            "text": "Filtrar por plantilla"
        },
        "8cd0d0c99b062b3d22e8c7188ba33ab2": {
            "text": "Mostrar todo"
        },
        "6a5b847af3d97df722040debdbccfbed": {
            "text": "Tipo de p\u00e1gina"
        },
        "3d10fda1b8b9895bade8da5233636cbf": {
            "text": "Lista, editar y a\u00f1adir p\u00e1ginas de un tipo espec\u00edfico"
        },
        "bce455aa81509f2a4dbb9acb3581a0be": {
            "text": "\u00bfQu\u00e9 campos se debe mostrar en el listado de la p\u00e1gina?"
        }
    }
}