{
    "file": "wire\/modules\/Inputfield\/InputfieldCheckbox.module",
    "textdomain": "wire--modules--inputfield--inputfieldcheckbox-module",
    "translations": {
        "2b8f534fb1669b00aeefa701d92a6a4c": {
            "text": "Valor activado"
        },
        "bdbaf837c2e8cab5eeaef3e1bcf32084": {
            "text": "Cuando poblada con algo que no sea \"1\", este aparecer\u00e1 como una etiqueta al lado de la casilla de verificaci\u00f3n."
        },
        "d8a01fab2cac915857b85bc332ec5393": {
            "text": "Valor Desactivado"
        },
        "371048ea93404f39d61ae613be3a0b36": {
            "text": "Esto s\u00f3lo aparece en las entradas de resultado, no en el propio formulario. Usted debe dejar en blanco a menos que quieras que mantenga un valor espec\u00edfico."
        },
        "4f8222964f9a317cef99dddc23a121bd": {
            "text": "Casilla de verificaci\u00f3n"
        },
        "9c5373f59e41806b9e3e6f204b184bdc": {
            "text": "Casilla de verificaci\u00f3n"
        }
    }
}