{
    "file": "wire\/modules\/Fieldtype\/FieldtypeComments\/CommentFilterAkismet.module",
    "textdomain": "wire--modules--fieldtype--fieldtypecomments--commentfilterakismet-module",
    "translations": {
        "4f56cc1383c1e4170dfe1e715a97f5d6": {
            "text": "Filtro de comentarios: Akismet"
        },
        "c6fbad5a67362793950bf96bd0e6dad5": {
            "text": "Utiliza el servicio de Akismet para identificar los comentarios no deseados. Plugin Module para la Comentarios FieldType."
        },
        "00fee5e9143358a3b00c985f3ed3c43e": {
            "text": "Akismet Key"
        },
        "69dccaed52b0f6af3c11c97b72d0b963": {
            "text": "Si usted quiere tener los comentarios identificados autom\u00e1ticamente como spam, los comentarios FieldType puede utilizar el servicio de Akismet para hacer esto. Para utilizarlo, deber\u00e1 introducir una clave de API de Akismet obtenida de akismet.com. El uso de este servicio es opcional pero recomendado."
        }
    }
}