{
    "file": "wire\/modules\/Inputfield\/InputfieldPassword.module",
    "textdomain": "wire--modules--inputfield--inputfieldpassword-module",
    "translations": {
        "af214972865d03cc4eb63ed9f0b75554": {
            "text": "Fijar Contrase\u00f1a"
        },
        "f3e832d9160b5cec4cf70bd2b64a3d42": {
            "text": "La contrase\u00f1a debe tener al menos %d caracteres y tener al menos 1 letra y 1 d\u00edgito. La contrase\u00f1a no puede tener espacios en blanco."
        },
        "f7041e0ed9a5ec4f287e354410e5546a": {
            "text": "(confirmar)"
        },
        "2561160be68c86e35d76ad61a6b075f6": {
            "text": "La contrase\u00f1a contiene espacios en blanco."
        },
        "01b0a98f830ff7741deeac3f4b6aac62": {
            "text": "Las contrase\u00f1as no coinciden."
        },
        "daf321e9a5e0fd71f13f75f101cf1d9b": {
            "text": "La contrase\u00f1a es menor que el n\u00famero requerido de caracteres."
        },
        "1197c2b6d58b850d4382fa71e9b5903e": {
            "text": "La contrase\u00f1a no contiene al menos una letra (az AZ)."
        },
        "2c212d4820a187aaaa18ee636398bbf2": {
            "text": "La contrase\u00f1a no contiene al menos un d\u00edgito (0-9)."
        },
        "602549b24fae786e2bbc8483df4e5e99": {
            "text": "No se especific\u00f3 la contrase\u00f1a requerida."
        },
        "dc647eb65e6711e155375218212b3964": {
            "text": "Contrase\u00f1a"
        },
        "c627446d1f4b534dd3019f3a70be3c59": {
            "text": "Entrada de contrase\u00f1a."
        }
    }
}