{
    "file": "wire\/core\/Field.php",
    "textdomain": "wire--core--field-php",
    "translations": {
        "5264933a7701e0e7acd07de875087cca": {
            "text": "Detalles del tipo de campo"
        },
        "3ec365dd533ddb7ef3d1c111186ce872": {
            "text": "Detalles"
        },
        "2d4fb1895f6c380c74480ec133a15230": {
            "text": "Configuraci\u00f3n del campo de entrada"
        },
        "324118a6721dd6b8a9b9f4e327df2bf5": {
            "text": "Entrada"
        }
    }
}