{
    "file": "wire\/modules\/Process\/ProcessModule\/ProcessModuleInstall.php",
    "textdomain": "wire--modules--process--processmodule--processmoduleinstall-php",
    "translations": {
        "ccb108ad977122d69f8bbc7758997ff2": {
            "text": "Hacer activos \/ directorio seguro \/ site \/ cache \/ tiene permisos de escritura para PHP."
        },
        "cfe1ee62b0efc597562d0b78c5196d47": {
            "text": "Aseg\u00farese de que su sitio M\u00f3dulos de directorio (\/ sitio \/ modules \/) tiene permisos de escritura para PHP."
        },
        "34484ec9b680d2670f6c0d0a6ea5cb5a": {
            "text": "Se requiere clase ZipArchive y su PHP no parece tenerlo."
        },
        "af32834e6517e929e3993eb018b46ac0": {
            "text": "No se puede encontrar ning\u00fan archivo de m\u00f3dulo"
        },
        "c137d70093460b298739f9503c46eeaa": {
            "text": "Directorio es un enlace simb\u00f3lico"
        },
        "2a3cd9a18eaf3b274b4fa40068fff003": {
            "text": "Archivos al nuevo directorio con \u00e9xito copiado:"
        },
        "5bb84f541cde4c248e5f6f58ae92c49e": {
            "text": "No se puede copiar los archivos a nuevo directorio:"
        },
        "5a3527463defe3c1e1ab721c4942f331": {
            "text": "No se pudo crear el directorio:"
        },
        "a7e401f040fc37065b5d7a8b01e5a592": {
            "text": "No es posible copiar archivos de m\u00f3dulo:"
        },
        "82d70ccfc2a2e0bb66507a3f90c4690e": {
            "text": "No se pudo eliminar el dir m\u00f3dulo:"
        },
        "0e30f791217cbeee87323db58731e58f": {
            "text": "Respaldado %s existente"
        },
        "34e8dc0a73d373618c591be38800cd3c": {
            "text": "Copia de seguridad restaurada de %s"
        },
        "21b1483780050057a84adbf35ec57c05": {
            "text": "No se puede completar carga"
        },
        "e7df9a3e1460bdfcaabe5b2e451a6594": {
            "text": "No se encontraron archivos"
        },
        "c8e5b4f1bb72c62949a522f6925e80c8": {
            "text": "Incapaz de descarga para completar"
        },
        "a4e29333ef852fef776eecdb5b3ac6a1": {
            "text": "Descarga inv\u00e1lido URL especificada"
        },
        "e830879e542fd52ca82f599ce41b6668": {
            "text": "Descargado archivo ZIP: %s (%d bytes)"
        }
    }
}