{
    "file": "wire\/modules\/Process\/ProcessPageAdd\/ProcessPageAdd.module",
    "textdomain": "wire--modules--process--processpageadd--processpageadd-module",
    "translations": {
        "a3e80c9c5e2dfb9f58712a83e2006a5e": {
            "text": "\u00bfD\u00f3nde quieres a\u00f1adir la nueva %s?"
        },
        "100e1438e523c6553ac21fd872262d56": {
            "text": "Por favor seleccione uno de los padres %s  a continuaci\u00f3n:"
        },
        "de9ced9bf5e9829de4a93ad8c9d7a170": {
            "text": "Crear Nuevo"
        },
        "d337f7f6b3b52602b84f206e80fc6a85": {
            "text": "No hay plantillas permitidos para a\u00f1adir nuevas p\u00e1ginas aqu\u00ed."
        },
        "76effbf5625101a8e29d5720e986ee6a": {
            "text": "Plantilla \"%s\"  no permitida aqu\u00ed."
        },
        "278c491bdd8a53618c149c4ac790da34": {
            "text": "Plantilla"
        },
        "c9cc8cce247e49bae79f15173ce97354": {
            "text": "Guardar"
        },
        "7d4be9f67818bd22d064880270a3e4af": {
            "text": "Guardar + Publicar"
        },
        "41553b358b6daba19bf079d5ad3eefb1": {
            "text": "P\u00e1gina temp no usada"
        },
        "9c99ecab6aa8967c077e01a0b3f51668": {
            "text": "P\u00e1gina creada %1$s  utilizando la plantilla: %2$s"
        },
        "abc32b2bc5cd1b61b5d3738f09405c0d": {
            "text": "Falta un campo requerido: nombre"
        },
        "9e31eadc87a42dd9b75f4b4d141c192b": {
            "text": "El nombre que ha seleccionado ya est\u00e1 en uso. Por favor, seleccione otro."
        },
        "bd71df4fde063d60b0fe33d87f52f7ff": {
            "text": "Advertencia, el nombre que ha seleccionado \"%1$s\" ya estaba en uso y se ha cambiado a \"%2$s\"."
        },
        "c4f4f1adddc771c086745ca04050d415": {
            "text": "Agregar P\u00e1gina"
        },
        "e1622ba9f41f5b695bddc69e3ceaa204": {
            "text": "A\u00f1adir una nueva p\u00e1gina"
        },
        "bb8bbda58833ce19eef6193e1918e8cf": {
            "text": "Deshabilitar la publicaci\u00f3n autom\u00e1tica"
        },
        "13148993e6c4399880e879c88a664347": {
            "text": "Por defecto, las p\u00e1ginas con nada m\u00e1s que campos globales (m\u00e1s com\u00fanmente \"title\") se publicar\u00e1n autom\u00e1ticamente cuando se a\u00f1ade, sin pasar por el estado sin publicar habitual. Por lo general, esto es un ahorro de tiempo deseable. Pero usted puede cancelar este comportamiento marcando la casilla de abajo."
        }
    }
}