{
    "file": "wire\/modules\/Fieldtype\/FieldtypeComments\/InputfieldCommentsAdmin.module",
    "textdomain": "wire--modules--fieldtype--fieldtypecomments--inputfieldcommentsadmin-module",
    "translations": {
        "f2a6c498fb90ee345d997f888fce3b18": {
            "text": "Borrar"
        },
        "5150f466372999feb1c31b868e087dfc": {
            "text": "El spam se eliminan autom\u00e1ticamente despu\u00e9s de la cantidad de tiempo especificado en la configuraci\u00f3n del campo."
        },
        "193a4762fa2301d6e5d9fac2730dbe71": {
            "text": "Este art\u00edculo est\u00e1 en espera de aprobaci\u00f3n o eliminaci\u00f3n."
        },
        "95742f3daaebcf075ad53961b11fc0dd": {
            "text": "Comentario #%1d Puesto el %2$s por %3$s"
        },
        "6f9e04c43332fd4945f2c933c8eea611": {
            "text": "Ciudad"
        },
        "082e55a73f10496681c84231dc1c88f7": {
            "text": "E-mail"
        },
        "15bbb9d0bbf25e8d2978de1168c749dc": {
            "text": "Sitio web"
        },
        "9dffbf69ffba8bc38bc4e01abf4b1675": {
            "text": "Texto"
        },
        "ece9015e4facb7c419ce80abecfd6852": {
            "text": "Actualmente no hay datos para mostrar."
        },
        "dea78eecface40ce1489d1acdc31eae4": {
            "text": "Comentario eliminado #%d"
        },
        "58b6f822b062991647cf2e70b0140352": {
            "text": "Actualizado %s para el comentario #%d"
        },
        "4da50726e74180c03ab1cfe637bb590b": {
            "text": "Administraci\u00f3n de comentarios"
        },
        "9e1775dd11710f1858dc1f9c21174ec8": {
            "text": "Proporciona una interfaz de administraci\u00f3n para trabajar con comentarios"
        },
        "a12b241da69948907eecb3786cedc5a3": {
            "text": "Aprobado"
        },
        "af4a8ef24b938b7857109b49e38c8969": {
            "text": "Pendiente"
        },
        "39ef1e97d0b7fa0510cd93cd5f2cf99b": {
            "text": "Spam"
        }
    }
}