{
    "file": "wire\/modules\/Process\/ProcessPageEditLink\/ProcessPageEditLink.module",
    "textdomain": "wire--modules--process--processpageeditlink--processpageeditlink-module",
    "translations": {
        "0f1d07df1a82d22e187c72bacabc1117": {
            "text": "Elija una p\u00e1gina"
        },
        "ddb0ec6745aefbc02b9c9eb0dfb2e796": {
            "text": "Introduzca una direcci\u00f3n URL, seleccione una p\u00e1gina, o seleccionar un archivo para link:"
        },
        "f6f7f0f8aa1ef94fdf01a81f1cb24e7a": {
            "text": "Enlace a URL"
        },
        "d0371b1908138f8cd5be5356ef5a46ab": {
            "text": "Enlace a la p\u00e1gina"
        },
        "7ac547b42cb510a9564daab982ac839a": {
            "text": "Enlace a la P\u00e1gina hijo"
        },
        "d6610e6929ce3f2c5d432efd8cb96097": {
            "text": "Esto es lo mismo que \"Enlace a la p\u00e1gina\" anterior, pero puede m\u00e1s r\u00e1pido de usar si la vinculaci\u00f3n a los ni\u00f1os de la p\u00e1gina actual."
        },
        "629ea6ac7fee06a764a49cb39bd356d9": {
            "text": "Iniciar en ventana nueva?"
        },
        "1f3e9bfe3126acfe0af746ec6ed2db68": {
            "text": "Si est\u00e1 marcada, el enlace se abrir\u00e1 en una nueva ventana dejando la ventana actual en su lugar."
        },
        "149a978aed458d66e08de0460cdbf65e": {
            "text": "Vincular a archivo"
        },
        "27c6c65717076df3e127c24bee401fa7": {
            "text": "Para seleccionar un archivo desde otra p\u00e1gina, haga clic en 'Enlace a la p\u00e1gina' arriba y elija la p\u00e1gina que desea seleccionar un archivo de."
        },
        "eb629addbfc0dd4a0353d6defff81923": {
            "text": "Escribe la URL de enlaces de la p\u00e1gina"
        },
        "6b02648ef824ca0a58b9a40518ff1152": {
            "text": "Absoluta (por defecto)"
        },
        "2c8a0fad581fd58be051633bfdaa53d0": {
            "text": "URL relativas en las mismas ramas s\u00f3lo"
        },
        "4750338c560d44be6d53bd75e386a966": {
            "text": "URL relativas siempre"
        },
        "2453cc3c047929e3210a51607202b8bb": {
            "text": "* Actualmente experimental"
        }
    }
}