{
    "file": "wire\/modules\/Inputfield\/InputfieldCKEditor\/InputfieldCKEditor.module",
    "textdomain": "wire--modules--inputfield--inputfieldckeditor--inputfieldckeditor-module",
    "translations": {
        "ea4788705e6873b424c65e91c2846b19": {
            "text": "Abbrechen"
        },
        "259738ca35a086ce9d269623e5ab5d37": {
            "text": "Link einf\u00fcgen"
        },
        "446a6000511ab6fb0711400379a62a04": {
            "text": "Bild ausw\u00e4hlen"
        },
        "03274f27f51f0c39e06e0e6cd07e01a9": {
            "text": "Bild bearbeiten"
        },
        "586dfebdb944d7af7c4720be84d7fa50": {
            "text": "Bild speichern"
        },
        "941c891be23b6a837de1d46c30efad2a": {
            "text": "Dieses Bild einf\u00fcgen"
        },
        "a616a1ef7aa1ee32d7d31c742923a202": {
            "text": "Anderes Bild ausw\u00e4hlen"
        },
        "a2a62a977b1825230f76d3ba2a6bf3df": {
            "text": "Der Inline-Modus des CKEditor ben\u00f6tigt das MarkupHTMLPurifier Modul. Nutze stattdessen den normalen Modus."
        },
        "93cba07454f06a4a960172bbd6e2a435": {
            "text": "Ja"
        },
        "bafd7322c6e97d25b6299b5d6fe8920b": {
            "text": "Nein"
        },
        "2ae61d29b7247ef3679ced4aa729fb27": {
            "text": "CKEditor Einstellungen"
        },
        "9022c2878a60d1f4ebc0f9f83a09975f": {
            "text": "Jedes Toolbar Element mit Komma trennen. Elemente werden gruppiert, indem man sie auf einer Zeile platziert und einen Bindestrich \"-\" zur optischen Trennung der Gruppe einsetzt. M\u00f6chten Sie mehr wie eine Toolbar Zeile verwenden, trennen Sie diese mit einer Leerzeile."
        },
        "dfabf65177db13369e6f60e33d626a25": {
            "text": "Editor Modus"
        },
        "0e0da14bdea5e80af97115d05779bdc4": {
            "text": "Regul\u00e4rer Editor"
        },
        "f4bbbce516de30f80d2025ca9cc9a595": {
            "text": "Wenn der Inline Modus aktiviert ist, wird der Editor erst geladen wenn Sie in den Text klicken. Dies ist schneller und effizienter wenn mehrere CKEditor Felder auf der Seite sind. Es kann jedoch sein, dass nicht alle M\u00f6glichkeiten oder spezielle Einstellungen wie im regul\u00e4ren Modus unterst\u00fctzt werden."
        },
        "1c4caab2cc11e882c71d23c8365e23f5": {
            "text": "*Der Inline Modus setzt voraus, dass das HTML Purifier Modul installiert ist (MarkupHTMLPurifier)."
        },
        "5131613c3ef9d562a3e0e095e0f1fba8": {
            "text": "*Das ben\u00f6tigte HTML Purifier Modul ist installiert."
        },
        "86c0b99d54c2b5c2bbcdc74844dbb5cf": {
            "text": "Warnung: es ist derzeit nicht installiert."
        },
        "b71ae00b212e1c450146b7263bb791bb": {
            "text": "ACF verwenden?"
        },
        "60f803fa7569e56d3f76d2f622e4130b": {
            "text": "Wenn ja, dann ist der erweiterte Inhaltsfilter (ACF) im CKEditor aktiv. Dieser Filter entfernt automatisch unbekanntes Markup oder Attribute aus ihrem HTML. Empfohlen."
        },
        "086f4ea637a29573ed5e10e106040ab5": {
            "text": "HTML Purifier verwenden?"
        },
        "cab4c54f1577378e89ca8dc055075ae4": {
            "text": "Wenn ja, wird eingetragener Inhalt mit dem [HTML Purifier](http:\/\/htmlpurifier.org\/) \u00fcberpr\u00fcft und bereinigt. Dies ist Pflicht wenn man den CKEditor im Inline Modus oder f\u00fcr unbekannte Benutzer verwendet. So oder so empfohlen."
        },
        "4a4b882ebec0013773373d7983935b1c": {
            "text": "Optionen zur Bereinigung des Markup"
        },
        "dbb9e7f934e4def553f1d3065635377e": {
            "text": "Konvertiere div Tags zu Abs\u00e4tzen (p)"
        },
        "ed97424627acfa23d899d27908115be3": {
            "text": "Leere Abs\u00e4tze (p) entfernen"
        },
        "ed654cac16ad0b016c80b1e0e04a86fa": {
            "text": "Gesch\u00fctzte Leerzeichen (nbsp) entfernen"
        },
        "e3e03267810478ccd824a13309388549": {
            "text": "Dies sind zus\u00e4tzliche Optionen zur Bereinigung (neben ACF und HTML Purifier) welche in vielen Situationen hilfreich sind. Diese werden beim Speichern der Seite ausgef\u00fchrt. Es wird empfohlen, alles zu markieren, es sei denn Sie ben\u00f6tigen dies im Quelltext."
        },
        "187cc7fdfc18d7eee937fb34cd6641dc": {
            "text": "Tags formatieren"
        },
        "eb58d10bb9587ab21ba79859997ea7f9": {
            "text": "Mit Semikolon getrennte Liste der ausw\u00e4hlbaren Tags welche im \"Format\" Dropdown angezeigt werden."
        },
        "73dd33fa6157ee6008e269d67a2843e3": {
            "text": "Standard Format Tags sind:"
        },
        "c6fd363ed202c7dd44b9a3d1b6065adc": {
            "text": "Zus\u00e4tzlicher erlaubter Inhalt"
        },
        "988677b6c211741551df50fd57a5d3f4": {
            "text": "Regeln f\u00fcr erlaubten Inhalt entsprechend der CKEditor [extraAllowedContent](http:\/\/docs.ckeditor.com\/#!\/api\/CKEDITOR.config-cfg-extraAllowedContent) Option. Wird nur angewendet wenn die obere Checkbox \"ACF verwenden\" markiert ist."
        },
        "86981868980ec998b671432713a7b65b": {
            "text": "[Details](http:\/\/docs.ckeditor.com\/#!\/guide\/dev_allowed_content_rules-section-2) finden Sie in der CKEditor Dokumentation."
        },
        "b67b49a021c8f28a0be44e276cdcb145": {
            "text": "Mit dieser Option kann man die Darstellung von Text oder anderen Elementen im Editor modifizieren. Dies gilt nur f\u00fcr die Darstellung im Admin-Bereich und hat nichts mit der Darstellung der eigentlichen Webseite zu tun."
        },
        "c329380c093af757e030c47c58fc31ae": {
            "text": "Eigene Editor CSS Datei (regul\u00e4rer Modus)"
        },
        "1f2a49f98f9868b764037314b9a0a2a0": {
            "text": "Eigene Editor CSS Datei (inline Modus)"
        },
        "1100db92626b135374ca3ad30025a3d5": {
            "text": "Eigenes Editor JS Style Set"
        },
        "749b7a2316f526ff2ec75692749211ad": {
            "text": "Diese Option erm\u00f6glicht eigene Styles festzulegen, welche dann im Editor ausgew\u00e4hlt werden k\u00f6nnen. Hierzu muss das \"Styles\" Element in den Toolbar Einstellungen oben vorhanden sein."
        },
        "7a6472fdd6090236270ada56951bb4ad": {
            "text": "Zus\u00e4tzliche Plugins"
        },
        "9048e64caaebf67509d533265f44414b": {
            "text": "Komma separierte Liste der zus\u00e4tzlichen Plugins welche CKEditor laden soll."
        },
        "7540434dd897a8f6f8118c31f2a931ab": {
            "text": "Beispiel: pwlink,pwimage,myplugin,anotherplugin"
        },
        "973ed59e27ee4824370eaf8150cbeec9": {
            "text": "Plugins entfernen"
        },
        "3b9d2511fcd0e4afc3cc8c6c61b42d23": {
            "text": "Komma separierte Liste der gel\u00f6schten Plugins welche CKEditor nicht laden soll."
        },
        "b6c2682ed322b5c3625338a5849b9794": {
            "text": "CKEditor Textfeld Rich Text Editor"
        },
        "ddb1f53de8a1598fb3d52552d6246b85": {
            "text": "de"
        },
        "68835c69c5818fea532f3ad00a91be00": {
            "text": "de"
        },
        "60eaab37de096deaa26bb3ff7b706095": {
            "text": "Pfade sollten relativ zum Root-Verzeichnis ihrer ProcessWire Installation sein (d.h. wenn die Seite in einem Unterverzeichnis l\u00e4uft, diesen Teil weglassen)."
        },
        "9728a8f280cf7e8b0b89b52749f7e800": {
            "text": "Bitte lesen Sie die [Anweisungen](https:\/\/github.com\/ryancramerdesign\/ProcessWire\/blob\/dev\/wire\/modules\/Inputfield\/InputfieldCKEditor\/README.md#custom-editor-css-file) zur Benutzung."
        },
        "63ba0561c6027fed354e6c5af252a77b": {
            "text": "Bitte lesen Sie die [Anweisungen](https:\/\/github.com\/ryancramerdesign\/ProcessWire\/blob\/dev\/wire\/modules\/Inputfield\/InputfieldCKEditor\/README.md#custom-editor-js-styles-set) zur Benutzung."
        },
        "8cd140c060d298234e0079cb77ee8190": {
            "text": "Folgende Plugins wurden gefunden. Markieren Sie die Box neben jedem Plugin welches geladen werden soll."
        },
        "9252446fff7e6ba650e51955cb0dc1ad": {
            "text": "Zus\u00e4tzliche Plugins bitte unter **\/site\/modules\/InputfieldCKEditor\/plugins\/[name]\/** ablegen, **[name]** mit dem Namen des Plugins ersetzen."
        },
        "0aef2da721f0ab14676f8d6ffb9e7e8c": {
            "text": "empfohlen"
        },
        "7ae98f3a4b96e522d75992c305a4ec2b": {
            "text": "%s Einstellungen"
        },
        "2c3077a1dd5833c9dc6f49fe48e3ab71": {
            "text": "Falls genutzt, einen Eintrag mit **eigenschaft: wert** pro Zeile oder einen JSON String eintragen."
        },
        "ced89926ebd1c95b56710b6a873b1e93": {
            "text": "Plugin Einstellungen f\u00fcr \"%s\" sind kein valides JSON."
        },
        "81eeab9506186e2dca8faefa78d54067": {
            "text": "Beispiel:"
        },
        "0d26e4905e21b238948dc724daade146": {
            "text": "Eigene Optionen zur Konfiguration"
        },
        "0361833f130e526c7475f0bbcda324f3": {
            "text": "Verwenden Sie dies, wenn weitere Einstellungen in der CKEditor Konfiguration, ausserhalb der hier verf\u00fcgbaren, gemacht werden sollen."
        },
        "8b6ac858b8ce3c2724d267695c732325": {
            "text": "Eigene Optionen zur Konfiguration sind kein valides JSON."
        },
        "d662e23e83bdb75f4e25b3bb7afa2324": {
            "text": "Falls gew\u00fcnscht, k\u00f6nnen diese Einstellungen auch in einer dieser Dateien gemacht werden:"
        },
        "4cf63a5e6c4eff831c232b0eb238b4ae": {
            "text": "f\u00fcr alle CKEditor Felder"
        },
        "bb87b90b3b4cf5290402d36011056951": {
            "text": "nur f\u00fcr dieses CKEditor Feld"
        },
        "69262424661d8b544ebcba617e5772c6": {
            "text": "Sie k\u00f6nnen mehrere Regeln eingeben, indem diese jeweils in einer neuen Zeile stehen."
        },
        "378f7539f13b958d62e92c063772ee37": {
            "text": "Das obere Beispiel erlaubt alt, src, width und height Attribute f\u00fcr img-Tags, wobei das src Attribut eine Pflichtangabe ist."
        }
    }
}